Model,Accuracy,ROC AUC,F1 Score,Precision,Recall
RandomForest,0.7992253066494512,0.790596168154762,0.7205750224618149,0.6819727891156463,0.7638095238095238
GradientBoosting,0.8082633957391866,0.7709784226190477,0.698477157360406,0.7478260869565218,0.6552380952380953
KNN,0.7746933505487411,0.741410900297619,0.6575073601570167,0.6781376518218624,0.638095238095238
LogisticRegression,0.7508069722401549,0.7660416666666667,0.6887096774193548,0.5972027972027972,0.8133333333333334
